{"mean": [12.941574096679688, 6.8596320152282715, 6.081941604614258, 1.212481141090393, 1.3992161750793457, 1.9485076665878296, 2.2994272708892822, 0.9679831266403198, 1.615375280380249, 1.8842930793762207, 1.6142899990081787, -0.8341272473335266, 0.5228551626205444, 1.487095832824707], "std": [4.620551109313965, 3.0567739009857178, 2.215862989425659, 0.9858569502830505, 1.2063829898834229, 1.5899138450622559, 1.6637263298034668, 0.7654456496238708, 0.8509964942932129, 1.508124589920044, 1.3960033655166626, 2.03259539604187, 0.10412304103374481, 0.6582891345024109]}