{"train_loss": [1.4648481961956288, 0.2681713179531031, 0.26366191666224004, 0.25133033376215164, 0.2473838761660001, 0.2457231532729531, 0.2382680605738717, 0.239326292726517, 0.2350741661049567, 0.23031636050101825, 0.22545713977009407, 0.22836035108634567, 0.2254284783321797, 0.22067368716980845, 0.22071621216561804, 0.21741926204486176, 0.21768151442617187, 0.21824175019489916, 0.21208084668511543, 0.21702487671774195, 0.2125618333993707, 0.20720639879674052, 0.2048915373711188, 0.2069271587736103, 0.21274163238805283, 0.20718422514651244, 0.19495039093214092, 0.1992100809284963, 0.19814619125103713, 0.19487847704771666, 0.1904277265471689, 0.1960786796807524, 0.19207829373552024, 0.1910580752411268, 0.19106137529082926, 0.18966719301881868, 0.18354215742882599, 0.17835531105900299, 0.17922448485433823, 0.1792779296295162, 0.18093248798091044, 0.17487861827209047, 0.18005889559460578, 0.17840631187752784, 0.1788274248554867, 0.17655779088715096, 0.17610722137280965, 0.17245578078717613, 0.17488532190064834, 0.17457283622696704, 0.17268221969521114, 0.17164477178462487, 0.1736990557023837, 0.17205816458642284, 0.16880953061156578, 0.17175752420471416], "val_loss": [0.32371352213819926, 0.2860185024266902, 0.2712586778593227, 0.2804514866395246, 0.2604150577172708, 0.2813833014809814, 0.2646585054313019, 0.24475380488020076, 0.2638250101552936, 0.2522434986824078, 0.23439816161083002, 0.26240881141561123, 0.2306684508817167, 0.29858968439652467, 0.23548257042485737, 0.23257177341246238, 0.21833851252711595, 0.21942365603386377, 0.24497505974334152, 0.21871383933083224, 0.21726243460601194, 0.2138256778977042, 0.23754350037218844, 0.20809152896692035, 0.34936277247282993, 0.2406107008993594, 0.2100806464241446, 0.24442782286552603, 0.21838094283816295, 0.18538533402789265, 0.18501410567457555, 0.1969565962470354, 0.19905149176235612, 0.29238184142705936, 0.18747744994418467, 0.20428380499509607, 0.2289409020579385, 0.22248590631482462, 0.21938549755994072, 0.21391842078443177, 0.17983844163179272, 0.2205264095656767, 0.25673459363778856, 0.2272548076493075, 0.18424104752838455, 0.21390399644461935, 0.23459307790244302, 0.2090843055474184, 0.24548295443180443, 0.21207710024602455, 0.2033586510594652, 0.2195270268484169, 0.2237626711422328, 0.2098151492245807, 0.20926589158680656, 0.2119036539324129], "val_mae": [25.57312489515136, 23.97838572738914, 22.914267496055494, 24.173844244064888, 22.686609051100092, 24.3553018888006, 23.453551474672704, 21.814196960707704, 23.57072315044413, 22.799954290677782, 21.326916053977953, 23.64221363461415, 20.01722115899849, 25.405470222566038, 21.775515405383295, 19.60405760280918, 20.026850848301432, 20.497913067778814, 22.524570656933438, 20.536881401906133, 20.474989576526518, 20.382100288548628, 22.23898510910204, 19.7475733961486, 27.252410036473755, 22.599104675809944, 20.4409530017665, 23.0654980370202, 21.277003945087618, 18.52139187313502, 18.485779826384867, 19.683637111132708, 20.287130300300724, 25.65666392999329, 19.14229249928981, 20.734900676995878, 22.304524604954878, 22.1636570394828, 21.856829039945747, 21.61250004281185, 18.92356301060803, 22.12786086947278, 24.178503425238688, 22.31819082555978, 19.148664818799578, 21.44203019634386, 22.96779400334275, 21.37759006433603, 23.47526815645653, 21.562787348281272, 20.8478157927966, 22.04275854786216, 22.343545601694846, 21.51157596844602, 21.383733556534388, 21.600671391565374], "best_epoch": 41, "best_val_loss": 0.17983844163179272}