{"train_loss": [1.7126209807442656, 0.25362884964449134, 0.2117176032754575, 0.1951619518164378, 0.18717167644228316, 0.17280117414390822, 0.1715715709133683, 0.16550900521481796, 0.16248198038740333, 0.16197669998525602, 0.16360197819731198, 0.15262042793804959, 0.15237357487763345, 0.15272889169523218, 0.15008837082567866, 0.15046347834401222, 0.14535959870171253, 0.14652714791842747, 0.1462830068208311, 0.14283473769925537, 0.13670895687869633, 0.13495829900075845, 0.1327391868314004, 0.1340653074993439, 0.13321325558026872, 0.1331021459644589, 0.1308009378955707, 0.13170230407509273, 0.12943984756618512, 0.13182344690913136, 0.12750070831809449, 0.12704781029089265, 0.12678393899388152, 0.12776259717845687, 0.12727445885426747, 0.1263151695080863, 0.12396599627606726, 0.12365666919887372, 0.12413033456068497], "val_loss": [0.29824110898724177, 0.22518899069695703, 0.18134567367929577, 0.200418677048875, 0.20656215820349103, 0.18365593830418372, 0.16773719281005506, 0.1784356299604355, 0.20080543954325708, 0.16726219803962586, 0.16031669885267208, 0.18687431576186983, 0.20734799341306034, 0.15995277309383016, 0.2730957361016089, 0.16476251203083625, 0.18281598073810482, 0.1757138372729732, 0.21823266281092085, 0.16259662151462884, 0.16390566905105536, 0.18598228156598173, 0.1742659532571041, 0.15634318116348278, 0.1843316927039478, 0.16022954934437858, 0.17568559903215641, 0.1733494597122807, 0.16713844191395397, 0.17450301404184548, 0.18582204737601424, 0.182011351178663, 0.172254328688438, 0.1779236886798231, 0.17370917941524971, 0.17323435441866447, 0.1661920452351416, 0.1943755107756769, 0.16582029728566988], "val_mae": [24.95861731186438, 21.284345635918477, 18.10092158239313, 20.4852099239416, 21.223532035023904, 18.99821405930769, 17.353830952439882, 19.111147994146958, 21.262712952193286, 17.140842439763567, 16.41038477439739, 20.047580785635226, 21.09337182597801, 17.398086945678646, 25.38778102909086, 18.18054257580185, 20.12570314624437, 18.70299850916219, 22.834357977039666, 16.847083564786573, 18.12504630949587, 20.08417821776116, 19.21991748315055, 16.841609532773777, 20.22804756023191, 17.315490930657212, 19.44493673313478, 19.091650609934753, 18.09155715086146, 19.086838596519684, 20.5629041579869, 20.01370869722866, 18.917416030859556, 19.555810369973212, 19.058426436448993, 18.958862635873498, 18.393487578917586, 21.103348551760785, 18.33524438929722], "best_epoch": 24, "best_val_loss": 0.15634318116348278}